{
    "loss": 0.5877363681793213,
    "accuracy": 0.8231707215309143
}