{
    "loss": 1.0319749116897583,
    "accuracy": 0.4285714328289032
}