{
    "loss": 0.6193639039993286,
    "accuracy": 0.835616409778595
}